{
	"class_name" : "PinholeCameraParameters",
	"extrinsic" : 
	[
		0.99083581008526156,
		-0.013233811059823637,
		0.13442196136612677,
		0.0,
		-0.12327696370170795,
		-0.49531619007699318,
		0.85992131155594698,
		0.0,
		0.055201337603099539,
		-0.86861196059716161,
		-0.49240844248894006,
		0.0,
		-2.6787949911534068,
		5.1238113642815328,
		11.386234551886425,
		1.0
	],
	"intrinsic" : 
	{
		"height" : 853,
		"intrinsic_matrix" : 
		[
			738.71966942812617,
			0.0,
			0.0,
			0.0,
			738.71966942812617,
			0.0,
			286.0,
			426.0,
			1.0
		],
		"width" : 573
	},
	"version_major" : 1,
	"version_minor" : 0
}