{
	"class_name" : "PinholeCameraParameters",
	"extrinsic" : 
	[
		1.0,
		-0.0,
		-0.0,
		0.0,
		0.0,
		-1.0,
		-0.0,
		0.0,
		0.0,
		-0.0,
		-1.0,
		0.0,
		-0.0,
		0.0,
		0.0,
		1.0
	],
	"intrinsic" : 
	{
		"height" : 853,
		"intrinsic_matrix" : 
		[
			738.71966942812617,
			0.0,
			0.0,
			0.0,
			738.71966942812617,
			0.0,
			286.0,
			426.0,
			1.0
		],
		"width" : 573
	},
	"version_major" : 1,
	"version_minor" : 0
}