{
	"class_name" : "PinholeCameraParameters",
	"extrinsic" : 
	[
		1.0,
		-0.0,
		-0.0,
		0.0,
		0.0,
		-1.0,
		-0.0,
		0.0,
		0.0,
		-0.0,
		-1.0,
		0.0,
		-0.0,
		0.0,
		0.0,
		1.0
	],
	"intrinsic" : 
	{
		"height" : 857,
		"intrinsic_matrix" : 
		[
			742.18377104326396,
			0.0,
			0.0,
			0.0,
			742.18377104326396,
			0.0,
			286.0,
			428.0,
			1.0
		],
		"width" : 573
	},
	"version_major" : 1,
	"version_minor" : 0
}