{
	"class_name" : "PinholeCameraParameters",
	"extrinsic" : 
	[
		-0.36045941552450639,
		0.9119058462510744,
		-0.19620585448157063,
		0.0,
		-0.85426777082937433,
		-0.40720114431969545,
		-0.32313124854607039,
		0.0,
		-0.37456052312268978,
		0.051136636943023416,
		0.92579126096556696,
		0.0,
		5.4265216431141967,
		-1.4650343609076888,
		7.9707156878474947,
		1.0
	],
	"intrinsic" : 
	{
		"height" : 1061,
		"intrinsic_matrix" : 
		[
			918.85295341528945,
			0.0,
			0.0,
			0.0,
			918.85295341528945,
			0.0,
			959.5,
			530.0,
			1.0
		],
		"width" : 1920
	},
	"version_major" : 1,
	"version_minor" : 0
}