{
	"class_name" : "PinholeCameraParameters",
	"extrinsic" : 
	[
		0.9839476590497197,
		-0.16861396238775642,
		0.058449430608662728,
		0.0,
		-0.1412491557799104,
		-0.53566561888394693,
		0.83253289468773595,
		0.0,
		-0.10906731977104427,
		-0.82742472553917457,
		-0.55088351157425508,
		0.0,
		-1.9551748463204084,
		5.5525170678008031,
		9.0626524404383382,
		1.0
	],
	"intrinsic" : 
	{
		"height" : 853,
		"intrinsic_matrix" : 
		[
			738.71966942812617,
			0.0,
			0.0,
			0.0,
			738.71966942812617,
			0.0,
			286.0,
			426.0,
			1.0
		],
		"width" : 573
	},
	"version_major" : 1,
	"version_minor" : 0
}